{"distorsionCoeff": [0.09954849630594254, -0.20638400316238403, 0.00754588982090354, 0.0033653099089860916, 0.0], "size": [640, 480], "cameraMatrix": [628.1580200195312, 0.0, 324.0989990234375, 0.0, 628.156005859375, 260.9079895019531, 0.0, 0.0, 1.0]}